wavelength_um,emissivity_d0.5um,emissivity_d5um,emissivity_d20um,emissivity_d50um,emissivity_d100um,emissivity_d200um
0.300000,0.000002,0.000020,0.000081,0.000203,0.000405,0.000810
0.302000,0.000002,0.000020,0.000079,0.000195,0.000443,0.000884
0.304000,0.000002,0.000022,0.000085,0.000197,0.000419,0.000782
0.306000,0.000002,0.000020,0.000087,0.000200,0.000394,0.000810
0.308000,0.000002,0.000019,0.000080,0.000201,0.000385,0.000847
0.310000,0.000002,0.000021,0.000076,0.000199,0.000384,0.000836
0.312000,0.000002,0.000021,0.000078,0.000195,0.000390,0.000779
0.314000,0.000002,0.000019,0.000083,0.000190,0.000411,0.000772
0.316000,0.000002,0.000020,0.000085,0.000187,0.000421,0.000830
0.318000,0.000002,0.000021,0.000082,0.000192,0.000378,0.000786
0.320000,0.000002,0.000019,0.000078,0.000205,0.000392,0.000737
0.322000,0.000002,0.000019,0.000075,0.000205,0.000397,0.000742
0.324000,0.000002,0.000020,0.000073,0.000186,0.000382,0.000732
0.326000,0.000002,0.000020,0.000073,0.000186,0.000377,0.000732
0.328000,0.000002,0.000018,0.000073,0.000204,0.000407,0.000806
0.330000,0.000002,0.000018,0.000074,0.000184,0.000368,0.000737
0.332000,0.000002,0.000020,0.000074,0.000187,0.000357,0.000794
0.334000,0.000002,0.000019,0.000075,0.000195,0.000370,0.000711
0.336000,0.000002,0.000018,0.000075,0.000177,0.000382,0.000714
0.338000,0.000002,0.000018,0.000075,0.000196,0.000385,0.000726
0.340000,0.000002,0.000020,0.000074,0.000175,0.000379,0.000711
0.342000,0.000002,0.000019,0.000073,0.000192,0.000366,0.000690
0.344000,0.000002,0.000017,0.000072,0.000179,0.000347,0.000741
0.346000,0.000002,0.000018,0.000071,0.000178,0.000344,0.000745
0.348000,0.000002,0.000019,0.000069,0.000191,0.000373,0.000701
0.350000,0.000002,0.000019,0.000068,0.000170,0.000373,0.000707
0.352000,0.000002,0.000017,0.000067,0.000178,0.000335,0.000760
0.354000,0.000002,0.000017,0.000067,0.000188,0.000374,0.000727
0.356000,0.000002,0.000018,0.000068,0.000172,0.000338,0.000702
0.358000,0.000002,0.000019,0.000071,0.000165,0.000367,0.000705
0.360000,0.000002,0.000017,0.000073,0.000176,0.000329,0.000732
0.362000,0.000002,0.000016,0.000074,0.000185,0.000368,0.000728
0.364000,0.000002,0.000017,0.000072,0.000179,0.000340,0.000652
0.366000,0.000002,0.000018,0.000068,0.000168,0.000327,0.000691
0.368000,0.000002,0.000018,0.000065,0.000161,0.000360,0.000699
0.370000,0.000002,0.000016,0.000064,0.000161,0.000352,0.000664
0.372000,0.000002,0.000016,0.000067,0.000164,0.000325,0.000662
0.374000,0.000002,0.000017,0.000071,0.000168,0.000316,0.000715
0.376000,0.000002,0.000018,0.000071,0.000170,0.000318,0.000674
0.378000,0.000002,0.000017,0.000066,0.000171,0.000323,0.000640
0.380000,0.000002,0.000016,0.000062,0.000171,0.000323,0.000630
0.382000,0.000002,0.000016,0.000064,0.000170,0.000319,0.000635
0.384000,0.000002,0.000017,0.000068,0.000167,0.000311,0.000663
0.386000,0.000002,0.000017,0.000068,0.000162,0.000306,0.000693
0.388000,0.000002,0.000017,0.000063,0.000157,0.000312,0.000635
0.390000,0.000002,0.000015,0.000061,0.000153,0.000332,0.000625
0.392000,0.000002,0.000015,0.000066,0.000151,0.000339,0.000669
0.394000,0.000002,0.000016,0.000068,0.000154,0.000309,0.000616
0.396000,0.000001,0.000017,0.000062,0.000162,0.000304,0.000628
0.398000,0.000001,0.000017,0.000060,0.000168,0.000336,0.000670
0.400000,0.000001,0.000015,0.000066,0.000161,0.000302,0.000618
0.402000,0.000001,0.000015,0.000065,0.000149,0.000315,0.000589
0.404000,0.000001,0.000015,0.000059,0.000148,0.000313,0.000586
0.406000,0.000001,0.000016,0.000062,0.000161,0.000304,0.000585
0.408000,0.000001,0.000016,0.000065,0.000161,0.000309,0.000579
0.410000,0.000001,0.000016,0.000059,0.000146,0.000311,0.000581
0.412000,0.000001,0.000015,0.000059,0.000149,0.000291,0.000613
0.414000,0.000001,0.000014,0.000065,0.000161,0.000323,0.000646
0.416000,0.000001,0.000015,0.000059,0.000146,0.000292,0.000585
0.418000,0.000001,0.000015,0.000058,0.000146,0.000289,0.000591
0.420000,0.000001,0.000016,0.000064,0.000159,0.000316,0.000619
0.422000,0.000001,0.000015,0.000057,0.000141,0.000306,0.000575
0.424000,0.000001,0.000014,0.000059,0.000151,0.000282,0.000597
0.426000,0.000001,0.000014,0.000062,0.000149,0.000279,0.000612
0.428000,0.000001,0.000014,0.000055,0.000141,0.000290,0.000553
0.430000,0.000001,0.000015,0.000060,0.000154,0.000303,0.000573
0.432000,0.000001,0.000015,0.000059,0.000137,0.000308,0.000611
0.434000,0.000001,0.000015,0.000055,0.000154,0.000308,0.000615
0.436000,0.000001,0.000014,0.000061,0.000136,0.000305,0.000604
0.438000,0.000001,0.000014,0.000055,0.000152,0.000304,0.000598
0.440000,0.000001,0.000013,0.000058,0.000134,0.000303,0.000601
0.442000,0.000001,0.000014,0.000058,0.000151,0.000302,0.000605
0.444000,0.000001,0.000015,0.000054,0.000133,0.000299,0.000589
0.446000,0.000001,0.000015,0.000060,0.000149,0.000290,0.000546
0.448000,0.000001,0.000015,0.000053,0.000135,0.000276,0.000531
0.450000,0.000001,0.000014,0.000058,0.000141,0.000264,0.000584
0.452000,0.000001,0.000013,0.000054,0.000142,0.000265,0.000559
0.454000,0.000001,0.000013,0.000056,0.000131,0.000283,0.000530
0.456000,0.000001,0.000014,0.000056,0.000147,0.000293,0.000581
0.458000,0.000001,0.000014,0.000053,0.000132,0.000270,0.000520
0.460000,0.000001,0.000015,0.000057,0.000135,0.000258,0.000569
0.462000,0.000001,0.000014,0.000051,0.000144,0.000283,0.000538
0.464000,0.000001,0.000014,0.000058,0.000128,0.000277,0.000519
0.466000,0.000001,0.000013,0.000051,0.000134,0.000254,0.000571
0.468000,0.000001,0.000013,0.000057,0.000142,0.000282,0.000545
0.470000,0.000001,0.000013,0.000050,0.000128,0.000263,0.000506
0.472000,0.000001,0.000013,0.000056,0.000128,0.000261,0.000506
0.474000,0.000001,0.000014,0.000050,0.000140,0.000276,0.000526
0.476000,0.000001,0.000014,0.000056,0.000134,0.000250,0.000541
0.478000,0.000001,0.000014,0.000050,0.000124,0.000278,0.000547
0.480000,0.000001,0.000013,0.000055,0.000129,0.000247,0.000545
0.482000,0.000001,0.000012,0.000049,0.000138,0.000275,0.000536
0.484000,0.000001,0.000012,0.000055,0.000133,0.000248,0.000517
0.486000,0.000001,0.000012,0.000049,0.000123,0.000264,0.000494
0.488000,0.000001,0.000013,0.000055,0.000123,0.000259,0.000485
0.490000,0.000001,0.000013,0.000048,0.000131,0.000246,0.000510
0.492000,0.000001,0.000014,0.000054,0.000136,0.000272,0.000543
0.494000,0.000001,0.000013,0.000048,0.000130,0.000244,0.000505
0.496000,0.000001,0.000013,0.000054,0.000122,0.000249,0.000480
0.498000,0.000001,0.000012,0.000048,0.000119,0.000268,0.000534
0.500000,0.000001,0.000012,0.000052,0.000122,0.000243,0.000487
0.502000,0.000001,0.000012,0.000049,0.000128,0.000239,0.000502
0.504000,0.000001,0.000012,0.000050,0.000132,0.000261,0.000501
0.506000,0.000001,0.000013,0.000050,0.000131,0.000259,0.000493
0.508000,0.000001,0.000013,0.000048,0.000127,0.000237,0.000489
0.510000,0.000001,0.000013,0.000052,0.000121,0.000233,0.000510
0.512000,0.000001,0.000013,0.000046,0.000117,0.000247,0.000462
0.514000,0.000001,0.000012,0.000052,0.000115,0.000259,0.000513
0.516000,0.000001,0.000012,0.000046,0.000115,0.000255,0.000492
0.518000,0.000001,0.000011,0.000050,0.000116,0.000242,0.000456
0.520000,0.000001,0.000011,0.000048,0.000118,0.000231,0.000485
0.522000,0.000001,0.000012,0.000047,0.000120,0.000226,0.000512
0.524000,0.000001,0.000012,0.000050,0.000122,0.000227,0.000492
0.526000,0.000001,0.000013,0.000045,0.000123,0.000231,0.000463
0.528000,0.000001,0.000013,0.000050,0.000124,0.000236,0.000448
0.530000,0.000001,0.000012,0.000046,0.000124,0.000239,0.000447
0.532000,0.000001,0.000012,0.000047,0.000124,0.000241,0.000451
0.534000,0.000001,0.000012,0.000048,0.000124,0.000242,0.000453
0.536000,0.000001,0.000011,0.000044,0.000124,0.000241,0.000452
0.538000,0.000001,0.000011,0.000050,0.000123,0.000239,0.000447
0.540000,0.000001,0.000011,0.000045,0.000122,0.000235,0.000440
0.542000,0.000001,0.000011,0.000046,0.000121,0.000231,0.000436
0.544000,0.000001,0.000012,0.000048,0.000119,0.000225,0.000443
0.546000,0.000001,0.000012,0.000043,0.000117,0.000219,0.000464
0.548000,0.000001,0.000012,0.000048,0.000115,0.000216,0.000486
0.550000,0.000001,0.000012,0.000045,0.000112,0.000216,0.000473
0.552000,0.000001,0.000012,0.000044,0.000110,0.000222,0.000435
0.554000,0.000001,0.000011,0.000048,0.000108,0.000232,0.000435
0.556000,0.000001,0.000011,0.000043,0.000106,0.000240,0.000476
0.558000,0.000001,0.000011,0.000045,0.000106,0.000236,0.000454
0.560000,0.000001,0.000011,0.000047,0.000108,0.000221,0.000424
0.562000,0.000001,0.000011,0.000042,0.000111,0.000211,0.000472
0.564000,0.000001,0.000011,0.000046,0.000114,0.000215,0.000435
0.566000,0.000001,0.000011,0.000045,0.000117,0.000231,0.000438
0.568000,0.000001,0.000012,0.000042,0.000117,0.000233,0.000456
0.570000,0.000001,0.000012,0.000047,0.000114,0.000215,0.000422
0.572000,0.000001,0.000012,0.000043,0.000108,0.000207,0.000460
0.574000,0.000001,0.000011,0.000042,0.000104,0.000224,0.000419
0.576000,0.000001,0.000011,0.000046,0.000103,0.000230,0.000449
0.578000,0.000001,0.000011,0.000042,0.000106,0.000209,0.000430
0.580000,0.000001,0.000010,0.000042,0.000111,0.000209,0.000422
0.582000,0.000001,0.000010,0.000046,0.000115,0.000229,0.000456
0.584000,0.000001,0.000010,0.000042,0.000112,0.000212,0.000406
0.586000,0.000001,0.000010,0.000042,0.000105,0.000204,0.000434
0.588000,0.000001,0.000011,0.000045,0.000101,0.000226,0.000448
0.590000,0.000001,0.000011,0.000041,0.000102,0.000209,0.000404
0.592000,0.000001,0.000011,0.000041,0.000109,0.000205,0.000414
0.594000,0.000001,0.000011,0.000045,0.000112,0.000225,0.000448
0.596000,0.000001,0.000011,0.000041,0.000107,0.000200,0.000433
0.598000,0.000001,0.000011,0.000040,0.000100,0.000215,0.000401
0.600000,0.000001,0.000010,0.000044,0.000100,0.000212,0.000396
0.602000,0.000001,0.000010,0.000041,0.000107,0.000200,0.000415
0.604000,0.000001,0.000010,0.000039,0.000111,0.000220,0.000435
0.606000,0.000001,0.000010,0.000044,0.000104,0.000195,0.000441
0.608000,0.000001,0.000010,0.000042,0.000097,0.000219,0.000432
0.610000,0.000001,0.000010,0.000039,0.000101,0.000196,0.000419
0.612000,0.000001,0.000010,0.000042,0.000109,0.000214,0.000408
0.614000,0.000001,0.000010,0.000043,0.000105,0.000197,0.000400
0.616000,0.000001,0.000011,0.000039,0.000097,0.000210,0.000395
0.618000,0.000001,0.000011,0.000040,0.000098,0.000197,0.000393
0.620000,0.000001,0.000011,0.000043,0.000107,0.000209,0.000394
0.622000,0.000001,0.000011,0.000039,0.000104,0.000194,0.000397
0.624000,0.000001,0.000010,0.000039,0.000095,0.000211,0.000404
0.626000,0.000001,0.000010,0.000042,0.000099,0.000190,0.000414
0.628000,0.000001,0.000010,0.000041,0.000106,0.000212,0.000423
0.630000,0.000001,0.000010,0.000038,0.000099,0.000188,0.000423
0.632000,0.000001,0.000009,0.000040,0.000094,0.000210,0.000410
0.634000,0.000001,0.000009,0.000042,0.000102,0.000191,0.000387
0.636000,0.000001,0.000009,0.000038,0.000103,0.000198,0.000372
0.638000,0.000001,0.000010,0.000038,0.000093,0.000202,0.000380
0.640000,0.000001,0.000010,0.000041,0.000097,0.000186,0.000407
0.642000,0.000001,0.000010,0.000040,0.000104,0.000208,0.000413
0.644000,0.000001,0.000010,0.000037,0.000095,0.000188,0.000381
0.646000,0.000001,0.000010,0.000039,0.000093,0.000192,0.000367
0.648000,0.000001,0.000010,0.000041,0.000103,0.000204,0.000399
0.650000,0.000001,0.000010,0.000038,0.000095,0.000182,0.000405
0.652000,0.000001,0.000010,0.000036,0.000092,0.000196,0.000365
0.654000,0.000001,0.000010,0.000039,0.000102,0.000200,0.000381
0.656000,0.000001,0.000009,0.000040,0.000095,0.000180,0.000405
0.658000,0.000001,0.000009,0.000037,0.000091,0.000194,0.000362
0.660000,0.000001,0.000009,0.000036,0.000101,0.000200,0.000386
0.662000,0.000001,0.000009,0.000040,0.000093,0.000180,0.000390
0.664000,0.000001,0.000009,0.000039,0.000091,0.000186,0.000358
0.666000,0.000001,0.000009,0.000036,0.000100,0.000201,0.000401
0.668000,0.000001,0.000009,0.000036,0.000091,0.000185,0.000356
0.670000,0.000001,0.000009,0.000040,0.000092,0.000177,0.000390
0.672000,0.000001,0.000010,0.000038,0.000099,0.000193,0.000363
0.674000,0.000001,0.000010,0.000035,0.000088,0.000196,0.000379
0.676000,0.000001,0.000010,0.000036,0.000095,0.000179,0.000365
0.678000,0.000001,0.000010,0.000039,0.000094,0.000176,0.000377
0.680000,0.000001,0.000010,0.000038,0.000087,0.000191,0.000360
0.682000,0.000001,0.000010,0.000035,0.000098,0.000195,0.000382
0.684000,0.000001,0.000009,0.000036,0.000088,0.000180,0.000349
0.686000,0.000001,0.000009,0.000039,0.000091,0.000172,0.000389
0.688000,0.000001,0.000009,0.000038,0.000095,0.000181,0.000344
0.690000,0.000001,0.000009,0.000035,0.000086,0.000192,0.000378
0.692000,0.000001,0.000009,0.000035,0.000096,0.000189,0.000362
0.694000,0.000001,0.000009,0.000038,0.000087,0.000176,0.000347
0.696000,0.000001,0.000008,0.000038,0.000090,0.000170,0.000384
0.698000,0.000001,0.000009,0.000035,0.000093,0.000175,0.000347
0.700000,0.000001,0.000009,0.000034,0.000085,0.000186,0.000350
0.702000,0.000001,0.000009,0.000036,0.000095,0.000190,0.000381
0.704000,0.000001,0.000009,0.000038,0.000085,0.000184,0.000346
0.706000,0.000001,0.000009,0.000035,0.000092,0.000174,0.000341
0.708000,0.000001,0.000009,0.000033,0.000088,0.000167,0.000374
0.710000,0.000001,0.000009,0.000035,0.000087,0.000168,0.000362
0.712000,0.000001,0.000009,0.000037,0.000092,0.000174,0.000333
0.714000,0.000001,0.000009,0.000036,0.000083,0.000182,0.000344
0.716000,0.000001,0.000009,0.000033,0.000093,0.000186,0.000371
0.718000,0.000001,0.000009,0.000033,0.000082,0.000185,0.000362
0.720000,0.000001,0.000009,0.000036,0.000092,0.000179,0.000335
0.722000,0.000001,0.000009,0.000037,0.000084,0.000172,0.000329
0.724000,0.000001,0.000008,0.000034,0.000089,0.000166,0.000346
0.726000,0.000001,0.000008,0.000033,0.000086,0.000163,0.000365
0.728000,0.000001,0.000008,0.000034,0.000085,0.000163,0.000364
0.730000,0.000001,0.000008,0.000036,0.000088,0.000164,0.000346
0.732000,0.000001,0.000008,0.000036,0.000083,0.000167,0.000329
0.734000,0.000001,0.000008,0.000033,0.000089,0.000171,0.000322
0.736000,0.000001,0.000008,0.000032,0.000081,0.000174,0.000325
0.738000,0.000001,0.000008,0.000034,0.000090,0.000177,0.000335
0.740000,0.000001,0.000008,0.000036,0.000080,0.000178,0.000346
0.742000,0.000001,0.000009,0.000035,0.000090,0.000179,0.000354
0.744000,0.000001,0.000009,0.000032,0.000079,0.000179,0.000358
0.746000,0.000001,0.000009,0.000032,0.000090,0.000179,0.000358
0.748000,0.000001,0.000009,0.000034,0.000079,0.000178,0.000356
0.750000,0.000001,0.000009,0.000036,0.000089,0.000178,0.000352
0.752000,0.000001,0.000009,0.000034,0.000079,0.000177,0.000349
0.754000,0.000001,0.000009,0.000032,0.000088,0.000176,0.000347
0.756000,0.000001,0.000009,0.000032,0.000078,0.000176,0.000346
0.758000,0.000001,0.000008,0.000034,0.000088,0.000175,0.000345
0.760000,0.000001,0.000008,0.000035,0.000078,0.000175,0.000346
0.762000,0.000001,0.000008,0.000033,0.000088,0.000175,0.000348
0.764000,0.000001,0.000008,0.000031,0.000077,0.000175,0.000349
0.766000,0.000001,0.000008,0.000031,0.000087,0.000174,0.000349
0.768000,0.000001,0.000008,0.000033,0.000077,0.000174,0.000346
0.770000,0.000001,0.000008,0.000035,0.000087,0.000173,0.000340
0.772000,0.000001,0.000008,0.000033,0.000077,0.000171,0.000330
0.774000,0.000001,0.000008,0.000031,0.000086,0.000168,0.000318
0.776000,0.000001,0.000008,0.000031,0.000077,0.000165,0.000308
0.778000,0.000001,0.000008,0.000032,0.000084,0.000161,0.000304
0.780000,0.000001,0.000008,0.000034,0.000078,0.000157,0.000308
0.782000,0.000001,0.000008,0.000034,0.000082,0.000154,0.000321
0.784000,0.000001,0.000008,0.000031,0.000079,0.000151,0.000336
0.786000,0.000001,0.000008,0.000030,0.000080,0.000150,0.000339
0.788000,0.000001,0.000008,0.000031,0.000081,0.000151,0.000326
0.790000,0.000001,0.000008,0.000033,0.000077,0.000155,0.000306
0.792000,0.000001,0.000008,0.000034,0.000083,0.000159,0.000299
0.794000,0.000001,0.000008,0.000032,0.000075,0.000164,0.000312
0.796000,0.000001,0.000008,0.000030,0.000084,0.000167,0.000332
0.798000,0.000001,0.000008,0.000030,0.000074,0.000167,0.000330
0.800000,0.000077,0.000799,0.003154,0.008246,0.016062,0.030053
0.802000,0.000077,0.000783,0.003314,0.007486,0.015387,0.029102
0.804000,0.000076,0.000768,0.003256,0.007939,0.014799,0.030951
0.806000,0.000076,0.000755,0.003049,0.007755,0.014556,0.032546
0.808000,0.000076,0.000743,0.002923,0.007551,0.014779,0.030459
0.810000,0.000075,0.000734,0.002985,0.008063,0.015394,0.028765
0.812000,0.000075,0.000728,0.003171,0.007277,0.016061,0.030700
0.814000,0.000075,0.000726,0.003277,0.008168,0.016253,0.032139
0.816000,0.000074,0.000726,0.003164,0.007269,0.015730,0.029401
0.818000,0.000074,0.000729,0.002965,0.007908,0.014881,0.028922
0.820000,0.000074,0.000735,0.002879,0.007556,0.014337,0.031744
0.822000,0.000073,0.000743,0.002969,0.007445,0.014470,0.030322
0.824000,0.000073,0.000752,0.003151,0.007940,0.015209,0.028325
0.826000,0.000073,0.000762,0.003228,0.007139,0.015934,0.031075
0.828000,0.000073,0.000773,0.003102,0.008010,0.015815,0.030463
0.830000,0.000072,0.000782,0.002914,0.007229,0.014907,0.028106
0.832000,0.000072,0.000790,0.002838,0.007598,0.014164,0.030998
0.834000,0.000072,0.000795,0.002926,0.007654,0.014277,0.029803
0.836000,0.000071,0.000798,0.003100,0.007125,0.015152,0.028150
0.838000,0.000071,0.000797,0.003183,0.007936,0.015797,0.031282
0.840000,0.000071,0.000793,0.003075,0.007067,0.015251,0.028459
0.842000,0.000071,0.000785,0.002890,0.007612,0.014215,0.029106
0.844000,0.000070,0.000775,0.002797,0.007487,0.013964,0.030560
0.846000,0.000070,0.000764,0.002858,0.007070,0.014777,0.027572
0.848000,0.000070,0.000751,0.003020,0.007841,0.015596,0.030796
0.850000,0.000070,0.000738,0.003134,0.006986,0.015057,0.028080
0.852000,0.000070,0.000725,0.003073,0.007493,0.013971,0.029242
0.854000,0.000069,0.000713,0.002898,0.007456,0.013901,0.029418
0.856000,0.000069,0.000703,0.002770,0.006942,0.014929,0.027824
0.858000,0.000069,0.000695,0.002778,0.007748,0.015400,0.030321
0.860000,0.000069,0.000689,0.002910,0.006983,0.014361,0.027163
0.862000,0.000068,0.000685,0.003058,0.007248,0.013617,0.030471
0.864000,0.000068,0.000684,0.003076,0.007537,0.014321,0.027016
0.866000,0.000068,0.000685,0.002939,0.006802,0.015281,0.030214
0.868000,0.000068,0.000688,0.002778,0.007560,0.014547,0.027030
0.870000,0.000068,0.000693,0.002714,0.007120,0.013522,0.029924
0.872000,0.000067,0.000699,0.002783,0.006914,0.014035,0.026984
0.874000,0.000067,0.000707,0.002933,0.007606,0.015120,0.029776
0.876000,0.000067,0.000715,0.003039,0.006804,0.014427,0.026806
0.878000,0.000067,0.000724,0.002995,0.007161,0.013386,0.029778
0.880000,0.000067,0.000732,0.002840,0.007395,0.014037,0.026552
0.882000,0.000066,0.000739,0.002704,0.006678,0.015021,0.029787
0.884000,0.000066,0.000745,0.002678,0.007374,0.014018,0.026404
0.886000,0.000066,0.000749,0.002770,0.007096,0.013268,0.029492
0.888000,0.000066,0.000751,0.002917,0.006701,0.014329,0.026656
0.890000,0.000066,0.000750,0.002997,0.007458,0.014752,0.028561
0.892000,0.000066,0.000747,0.002932,0.006835,0.013413,0.027558
0.894000,0.000065,0.000742,0.002779,0.006801,0.013456,0.027109
0.896000,0.000065,0.000734,0.002656,0.007416,0.014721,0.028833
0.898000,0.000065,0.000725,0.002638,0.006654,0.013970,0.026024
0.900000,0.000065,0.000715,0.002729,0.006913,0.013055,0.029119
0.902000,0.000065,0.000704,0.002869,0.007302,0.014174,0.026426
0.904000,0.000065,0.000693,0.002949,0.006542,0.014402,0.027415
0.906000,0.000065,0.000682,0.002896,0.006998,0.013043,0.028275
0.908000,0.000064,0.000672,0.002752,0.007170,0.013615,0.025737
0.910000,0.000064,0.000664,0.002626,0.006476,0.014533,0.028657
0.912000,0.000064,0.000656,0.002592,0.007044,0.013175,0.026679
0.914000,0.000064,0.000650,0.002661,0.007051,0.013231,0.026238
0.916000,0.000064,0.000646,0.002792,0.006431,0.014465,0.028679
0.918000,0.000064,0.000644,0.002893,0.007051,0.013279,0.025796
0.920000,0.000064,0.000643,0.002879,0.006962,0.013007,0.026721
0.922000,0.000064,0.000643,0.002759,0.006392,0.014345,0.028299
0.924000,0.000064,0.000646,0.002622,0.007026,0.013278,0.025439
0.926000,0.000063,0.000649,0.002551,0.006905,0.012892,0.026735
0.928000,0.000063,0.000654,0.002578,0.006351,0.014252,0.028113
0.930000,0.000063,0.000660,0.002686,0.006972,0.013155,0.025354
0.932000,0.000063,0.000667,0.002808,0.006881,0.012867,0.026240
0.934000,0.000063,0.000674,0.002856,0.006308,0.014187,0.028125
0.936000,0.000063,0.000681,0.002788,0.006889,0.012923,0.025640
0.938000,0.000063,0.000687,0.002654,0.006887,0.012953,0.025374
0.940000,0.000063,0.000693,0.002542,0.006269,0.014080,0.027812
0.942000,0.000063,0.000698,0.002508,0.006775,0.012633,0.026570
0.944000,0.000062,0.000702,0.002564,0.006915,0.013188,0.024730
0.946000,0.000062,0.000704,0.002679,0.006248,0.013809,0.026440
0.948000,0.000062,0.000704,0.002784,0.006627,0.012400,0.027656
0.950000,0.000062,0.000703,0.002804,0.006948,0.013551,0.025405
0.952000,0.000062,0.000699,0.002720,0.006262,0.013287,0.024699
0.954000,0.000062,0.000694,0.002590,0.006454,0.012403,0.026762
0.956000,0.000062,0.000688,0.002491,0.006956,0.013833,0.027262
0.958000,0.000062,0.000680,0.002468,0.006329,0.012624,0.025074
0.960000,0.000062,0.000672,0.002527,0.006276,0.012794,0.024472
0.962000,0.000062,0.000663,0.002638,0.006898,0.013631,0.026299
0.964000,0.000062,0.000654,0.002738,0.006456,0.012192,0.027239
0.966000,0.000062,0.000645,0.002759,0.006130,0.013439,0.025464
0.968000,0.000062,0.000636,0.002683,0.006742,0.012837,0.024130
0.970000,0.000061,0.000628,0.002561,0.006623,0.012399,0.025061
0.972000,0.000061,0.000621,0.002459,0.006065,0.013607,0.026817
0.974000,0.000061,0.000615,0.002425,0.006491,0.012108,0.026586
0.976000,0.000061,0.000610,0.002467,0.006764,0.013196,0.024754
0.978000,0.000061,0.000606,0.002565,0.006121,0.012770,0.023885
0.980000,0.000061,0.000603,0.002670,0.006210,0.012270,0.024821
0.982000,0.000061,0.000602,0.002717,0.006770,0.013450,0.026406
0.984000,0.000061,0.000601,0.002672,0.006308,0.011956,0.026592
0.986000,0.000061,0.000602,0.002563,0.006002,0.013207,0.025150
0.988000,0.000061,0.000604,0.002452,0.006571,0.012417,0.023824
0.990000,0.000061,0.000607,0.002389,0.006555,0.012391,0.023772
0.992000,0.000061,0.000611,0.002396,0.005966,0.013111,0.024901
0.994000,0.000061,0.000615,0.002467,0.006232,0.011852,0.026175
0.996000,0.000061,0.000620,0.002571,0.006680,0.013301,0.026336
0.998000,0.000061,0.000626,0.002653,0.006145,0.011906,0.025255
1.000000,0.000061,0.000631,0.002663,0.005942,0.012821,0.023953
1.010000,0.000060,0.000654,0.002365,0.006590,0.013131,0.026068
1.020000,0.000060,0.000653,0.002543,0.005863,0.012289,0.022933
1.030000,0.000060,0.000624,0.002386,0.006048,0.011415,0.025518
1.040000,0.000060,0.000588,0.002427,0.006359,0.012454,0.023516
1.050000,0.000059,0.000564,0.002389,0.005704,0.011890,0.022264
1.060000,0.000059,0.000561,0.002349,0.005710,0.011477,0.022468
1.070000,0.000059,0.000576,0.002358,0.006167,0.012003,0.022446
1.080000,0.000059,0.000597,0.002309,0.006003,0.011336,0.021872
1.090000,0.000059,0.000610,0.002296,0.005520,0.011315,0.021536
1.100000,0.000058,0.000604,0.002302,0.005374,0.011918,0.022970
1.110000,0.000058,0.000579,0.002207,0.005566,0.010642,0.023280
1.120000,0.000058,0.000550,0.002322,0.005817,0.011044,0.020930
1.130000,0.000058,0.000527,0.002113,0.005891,0.011740,0.023296
1.140000,0.000057,0.000519,0.002336,0.005771,0.011166,0.020793
1.150000,0.000057,0.000523,0.002055,0.005570,0.010412,0.021483
1.160000,0.000057,0.000538,0.002274,0.005381,0.010139,0.022734
1.170000,0.000057,0.000554,0.002084,0.005237,0.010183,0.021466
1.180000,0.000056,0.000564,0.002114,0.005136,0.010285,0.020325
1.190000,0.000056,0.000560,0.002188,0.005069,0.010306,0.019852
1.200000,0.000056,0.000543,0.001972,0.005030,0.010209,0.019714
1.210000,0.000055,0.000519,0.002194,0.005016,0.010001,0.019939
1.220000,0.000055,0.000497,0.002001,0.005034,0.009741,0.020786
1.230000,0.000055,0.000482,0.002001,0.005087,0.009565,0.021459
1.240000,0.000054,0.000477,0.002137,0.005171,0.009673,0.019869
1.250000,0.000054,0.000481,0.001896,0.005258,0.010153,0.018905
1.260000,0.000054,0.000491,0.002031,0.005285,0.010537,0.020933
1.270000,0.000053,0.000504,0.002038,0.005179,0.010000,0.018617
1.280000,0.000053,0.000514,0.001846,0.004936,0.009219,0.020382
1.290000,0.000053,0.000517,0.002020,0.004668,0.009575,0.018218
1.300000,0.000052,0.000511,0.001966,0.004537,0.010210,0.020264
1.310000,0.000052,0.000497,0.001805,0.004645,0.009203,0.018601
1.320000,0.000051,0.000479,0.001977,0.004913,0.009281,0.017942
1.330000,0.000051,0.000461,0.001929,0.004999,0.009916,0.019337
1.340000,0.000051,0.000447,0.001763,0.004691,0.008789,0.019666
1.350000,0.000050,0.000438,0.001908,0.004381,0.009722,0.018762
1.360000,0.000050,0.000435,0.001921,0.004474,0.008869,0.017913
1.370000,0.000049,0.000438,0.001731,0.004811,0.009345,0.017450
1.380000,0.000049,0.000446,0.001810,0.004696,0.008849,0.017254
1.390000,0.000048,0.000455,0.001916,0.004281,0.009230,0.017260
1.400000,0.000048,0.000464,0.001738,0.004354,0.008589,0.017543
1.410000,0.000048,0.000470,0.001702,0.004713,0.009340,0.018151
1.420000,0.000047,0.000470,0.001859,0.004416,0.008291,0.018611
1.430000,0.000047,0.000465,0.001795,0.004133,0.009207,0.017868
1.440000,0.000046,0.000455,0.001643,0.004506,0.008519,0.016442
1.450000,0.000046,0.000441,0.001719,0.004449,0.008348,0.016692
1.460000,0.000045,0.000427,0.001828,0.004041,0.009102,0.018106
1.470000,0.000045,0.000414,0.001691,0.004385,0.008234,0.016459
1.480000,0.000044,0.000404,0.001598,0.004348,0.008142,0.016524
1.490000,0.000044,0.000397,0.001709,0.003963,0.008881,0.017451
1.500000,0.000044,0.000394,0.001774,0.004378,0.008433,0.015721
1.510000,0.000043,0.000395,0.001630,0.004126,0.007804,0.017460
1.520000,0.000043,0.000398,0.001558,0.003964,0.008114,0.015513
1.530000,0.000042,0.000404,0.001665,0.004350,0.008652,0.017015
1.540000,0.000042,0.000411,0.001731,0.003857,0.008403,0.015837
1.550000,0.000041,0.000417,0.001603,0.004153,0.007789,0.015710
1.560000,0.000041,0.000422,0.001515,0.004033,0.007555,0.016910
1.570000,0.000041,0.000424,0.001591,0.003854,0.007781,0.015189
1.580000,0.000040,0.000423,0.001687,0.004184,0.008166,0.015332
1.590000,0.000040,0.000418,0.001608,0.003711,0.008354,0.016583
1.600000,0.000040,0.000410,0.001487,0.004152,0.008220,0.015921
1.610000,0.000039,0.000401,0.001500,0.003706,0.007905,0.014739
1.620000,0.000039,0.000390,0.001611,0.004009,0.007587,0.014606
1.630000,0.000038,0.000380,0.001625,0.003753,0.007353,0.015235
1.640000,0.000038,0.000370,0.001505,0.003859,0.007212,0.015856
1.650000,0.000038,0.000363,0.001432,0.003790,0.007140,0.016040
1.660000,0.000037,0.000357,0.001488,0.003745,0.007106,0.015864
1.670000,0.000037,0.000354,0.001584,0.003794,0.007085,0.015575
1.680000,0.000037,0.000353,0.001562,0.003670,0.007060,0.015334
1.690000,0.000036,0.000353,0.001446,0.003764,0.007023,0.015204
1.700000,0.000036,0.000356,0.001390,0.003629,0.006973,0.015191
1.710000,0.000036,0.000359,0.001447,0.003701,0.006913,0.015269
1.720000,0.000035,0.000364,0.001536,0.003621,0.006855,0.015355
1.730000,0.000035,0.000368,0.001524,0.003608,0.006813,0.015283
1.740000,0.000035,0.000372,0.001419,0.003645,0.006810,0.014863
1.750000,0.000034,0.000376,0.001351,0.003492,0.006865,0.014117
1.760000,0.000034,0.000377,0.001380,0.003692,0.006993,0.013440
1.770000,0.000034,0.000377,0.001466,0.003374,0.007179,0.013387
1.780000,0.000034,0.000375,0.001498,0.003729,0.007362,0.014147
1.790000,0.000033,0.000371,0.001424,0.003297,0.007430,0.014798
1.800000,0.000033,0.000365,0.001333,0.003689,0.007283,0.013988
1.810000,0.000033,0.000359,0.001310,0.003309,0.006945,0.012992
1.820000,0.000033,0.000351,0.001367,0.003527,0.006595,0.013632
1.830000,0.000032,0.000344,0.001441,0.003428,0.006441,0.014465
1.840000,0.000032,0.000336,0.001442,0.003304,0.006593,0.013135
1.850000,0.000032,0.000330,0.001361,0.003569,0.006957,0.013043
1.860000,0.000032,0.000324,0.001283,0.003173,0.007152,0.014247
1.870000,0.000031,0.000319,0.001270,0.003529,0.006858,0.012816
1.880000,0.000031,0.000315,0.001324,0.003250,0.006384,0.013209
1.890000,0.000031,0.000313,0.001392,0.003272,0.006268,0.013717
1.900000,0.000031,0.000311,0.001400,0.003453,0.006639,0.012402
1.910000,0.000030,0.000311,0.001334,0.003091,0.006964,0.013869
1.920000,0.000030,0.000312,0.001256,0.003426,0.006607,0.012320
1.930000,0.000030,0.000313,0.001225,0.003207,0.006131,0.013517
1.940000,0.000030,0.000316,0.001255,0.003127,0.006282,0.012363
1.950000,0.000030,0.000318,0.001319,0.003412,0.006777,0.013264
1.960000,0.000029,0.000321,0.001360,0.003038,0.006545,0.012235
1.970000,0.000029,0.000324,0.001333,0.003215,0.006006,0.013249
1.980000,0.000029,0.000327,0.001260,0.003283,0.006223,0.011948
1.990000,0.000029,0.000329,0.001199,0.002967,0.006685,0.013314
2.000000,0.000029,0.000330,0.001185,0.003262,0.006201,0.011780
2.010000,0.000028,0.000331,0.001221,0.003150,0.005890,0.012946
2.020000,0.000028,0.000330,0.001280,0.002939,0.006437,0.012207
2.030000,0.000028,0.000329,0.001314,0.003257,0.006355,0.011929
2.040000,0.000028,0.000327,0.001289,0.003054,0.005783,0.012964
2.050000,0.000028,0.000323,0.001225,0.002914,0.006202,0.011572
2.060000,0.000028,0.000319,0.001165,0.003222,0.006350,0.012145
2.070000,0.000027,0.000315,0.001142,0.002995,0.005711,0.012665
2.080000,0.000027,0.000309,0.001163,0.002874,0.006099,0.011382
2.090000,0.000027,0.000304,0.001213,0.003173,0.006236,0.011853
2.100000,0.000027,0.000299,0.001258,0.002970,0.005617,0.012613
2.110000,0.000027,0.000294,0.001263,0.002819,0.006123,0.011521
2.120000,0.000027,0.000289,0.001221,0.003106,0.006006,0.011202
2.130000,0.000027,0.000285,0.001159,0.002978,0.005567,0.012161
2.140000,0.000026,0.000281,0.001113,0.002762,0.006195,0.012221
2.150000,0.000026,0.000278,0.001101,0.003009,0.005660,0.011208
2.160000,0.000026,0.000275,0.001125,0.003010,0.005706,0.010958
2.170000,0.000026,0.000273,0.001171,0.002728,0.006055,0.011675
2.180000,0.000026,0.000271,0.001211,0.002874,0.005409,0.012169
2.190000,0.000026,0.000270,0.001218,0.003034,0.006008,0.011633
2.200000,0.000026,0.000270,0.001184,0.002752,0.005559,0.010869
2.210000,0.000026,0.000270,0.001130,0.002728,0.005605,0.010673
2.220000,0.000025,0.000270,0.001082,0.002984,0.005853,0.011074
2.230000,0.000025,0.000271,0.001060,0.002843,0.005315,0.011641
2.240000,0.000025,0.000272,0.001068,0.002636,0.005942,0.011844
2.250000,0.000025,0.000274,0.001101,0.002822,0.005270,0.011536
2.260000,0.000025,0.000275,0.001143,0.002933,0.005772,0.011000
2.270000,0.000025,0.000277,0.001171,0.002668,0.005382,0.010552
2.280000,0.000025,0.000279,0.001167,0.002631,0.005513,0.010328
2.290000,0.000025,0.000280,0.001131,0.002871,0.005531,0.010322
2.300000,0.000025,0.000282,0.001082,0.002810,0.005293,0.010467
2.310000,0.000024,0.000283,0.001040,0.002569,0.005633,0.010682
2.320000,0.000024,0.000284,0.001019,0.002648,0.005147,0.010896
2.330000,0.000024,0.000284,0.001024,0.002856,0.005669,0.011063
2.340000,0.000024,0.000284,0.001050,0.002703,0.005058,0.011168
2.350000,0.000024,0.000284,0.001087,0.002514,0.005655,0.011213
2.360000,0.000024,0.000283,0.001117,0.002644,0.005001,0.011214
2.370000,0.000024,0.000282,0.001126,0.002813,0.005616,0.011188
2.380000,0.000024,0.000280,0.001107,0.002633,0.004957,0.011148
2.390000,0.000024,0.000278,0.001067,0.002471,0.005570,0.011103
2.400000,0.000024,0.000275,0.001024,0.002607,0.004916,0.011054
2.410000,0.000024,0.000272,0.000991,0.002766,0.005522,0.010998
2.420000,0.000023,0.000269,0.000977,0.002599,0.004879,0.010927
2.430000,0.000023,0.000266,0.000983,0.002431,0.005466,0.010827
2.440000,0.000023,0.000262,0.001006,0.002539,0.004855,0.010685
2.450000,0.000023,0.000259,0.001039,0.002716,0.005387,0.010492
2.460000,0.000023,0.000256,0.001067,0.002598,0.004859,0.010249
2.470000,0.000023,0.000252,0.001080,0.002404,0.005266,0.009977
2.480000,0.000023,0.000249,0.001070,0.002450,0.004910,0.009712
2.490000,0.000023,0.000246,0.001040,0.002642,0.005094,0.009507
2.500000,0.000114,0.001215,0.004995,0.013014,0.024803,0.046209
2.510000,0.000114,0.001201,0.004819,0.011983,0.024213,0.046533
2.520000,0.000113,0.001189,0.004703,0.011740,0.025444,0.047653
2.530000,0.000113,0.001179,0.004667,0.012549,0.023340,0.049283
2.540000,0.000113,0.001169,0.004712,0.013039,0.025849,0.050664
2.550000,0.000112,0.001161,0.004821,0.012250,0.022930,0.050783
2.560000,0.000112,0.001154,0.004961,0.011501,0.025502,0.049220
2.570000,0.000112,0.001149,0.005087,0.011815,0.023263,0.046795
2.580000,0.000111,0.001145,0.005152,0.012671,0.024295,0.045000
2.590000,0.000111,0.001142,0.005126,0.012622,0.024265,0.044952
2.600000,0.000111,0.001140,0.005016,0.011691,0.022912,0.046776
2.610000,0.000110,0.001139,0.004854,0.011275,0.025129,0.049088
2.620000,0.000110,0.001140,0.004687,0.011838,0.022337,0.049337
2.630000,0.000110,0.001141,0.004553,0.012555,0.024643,0.046826
2.640000,0.000109,0.001143,0.004475,0.012235,0.023070,0.044187
2.650000,0.000109,0.001146,0.004464,0.011346,0.022985,0.044055
2.660000,0.000109,0.001149,0.004515,0.011093,0.024407,0.046581
2.670000,0.000109,0.001153,0.004614,0.011704,0.021907,0.048623
2.680000,0.000108,0.001157,0.004737,0.012340,0.024325,0.046758
2.690000,0.000108,0.001161,0.004848,0.011992,0.022578,0.043539
2.700000,0.000108,0.001166,0.004914,0.011148,0.022516,0.043368
2.710000,0.000107,0.001170,0.004910,0.010877,0.024076,0.046415
2.720000,0.000107,0.001174,0.004835,0.011413,0.021521,0.047615
2.730000,0.000107,0.001178,0.004707,0.012074,0.023579,0.044307
2.740000,0.000107,0.001182,0.004559,0.011888,0.022695,0.042266
2.750000,0.000106,0.001185,0.004421,0.011084,0.021598,0.044753
2.760000,0.000106,0.001187,0.004317,0.010656,0.023864,0.047090
2.770000,0.000106,0.001189,0.004262,0.010997,0.021510,0.043973
2.780000,0.000106,0.001190,0.004259,0.011697,0.022202,0.041678
2.790000,0.000105,0.001189,0.004305,0.011839,0.023294,0.044522
2.800000,0.000105,0.001188,0.004389,0.011183,0.020917,0.046256
2.810000,0.000105,0.001186,0.004493,0.010542,0.022742,0.042389
2.820000,0.000105,0.001184,0.004594,0.010544,0.022431,0.041615
2.830000,0.000104,0.001180,0.004666,0.011134,0.020743,0.045397
2.840000,0.000104,0.001175,0.004688,0.011648,0.022964,0.044141
2.850000,0.000104,0.001169,0.004653,0.011399,0.021669,0.040666
2.860000,0.000104,0.001163,0.004566,0.010676,0.020734,0.043348
2.870000,0.000103,0.001155,0.004446,0.010254,0.022911,0.044943
2.880000,0.000103,0.001147,0.004317,0.010470,0.021116,0.040702
2.890000,0.000103,0.001138,0.004200,0.011091,0.020711,0.041813
2.900000,0.000103,0.001129,0.004111,0.011436,0.022721,0.044835
2.910000,0.000102,0.001119,0.004060,0.011053,0.020750,0.040728
2.920000,0.000102,0.001109,0.004049,0.010370,0.020590,0.040988
2.930000,0.000102,0.001099,0.004078,0.010041,0.022495,0.044421
2.940000,0.000102,0.001089,0.004140,0.010294,0.020535,0.040341
2.950000,0.000102,0.001078,0.004223,0.010883,0.020347,0.040738
2.960000,0.000101,0.001068,0.004314,0.011205,0.022262,0.043913
2.970000,0.000101,0.001058,0.004393,0.010863,0.020461,0.039551
2.980000,0.000101,0.001047,0.004444,0.010215,0.020000,0.041077
2.990000,0.000101,0.001037,0.004454,0.009847,0.021981,0.043024
3.000000,0.000100,0.001028,0.004419,0.010003,0.020540,0.038708
3.010000,0.000100,0.001018,0.004345,0.010534,0.019606,0.041998
3.020000,0.000100,0.001009,0.004243,0.010951,0.021564,0.041287
3.030000,0.000100,0.001001,0.004132,0.010798,0.020780,0.038562
3.040000,0.000100,0.000993,0.004026,0.010212,0.019276,0.042786
3.050000,0.000099,0.000985,0.003938,0.009723,0.020923,0.038959
3.060000,0.000099,0.000978,0.003876,0.009669,0.021109,0.039895
3.070000,0.000099,0.000972,0.003846,0.010051,0.019162,0.041677
3.080000,0.000099,0.000966,0.003846,0.010565,0.020068,0.037699
3.090000,0.000099,0.000960,0.003876,0.010730,0.021302,0.041885
3.100000,0.000098,0.000955,0.003930,0.010356,0.019415,0.038572
3.110000,0.000098,0.000951,0.004001,0.009783,0.019196,0.039264
3.120000,0.000098,0.000947,0.004077,0.009445,0.021008,0.040800
3.130000,0.000098,0.000943,0.004147,0.009533,0.020045,0.037237
3.140000,0.000098,0.000940,0.004199,0.009964,0.018663,0.041504
3.150000,0.000098,0.000938,0.004222,0.010411,0.020068,0.037227
3.160000,0.000097,0.000936,0.004212,0.010472,0.020688,0.039977
3.170000,0.000097,0.000934,0.004167,0.010069,0.018808,0.038630
3.180000,0.000097,0.000933,0.004095,0.009536,0.018891,0.037854
3.190000,0.000097,0.000932,0.004006,0.009237,0.020580,0.040117
3.200000,0.000097,0.000932,0.003910,0.009322,0.019641,0.036481
3.210000,0.000096,0.000932,0.003819,0.009717,0.018258,0.040629
3.220000,0.000096,0.000932,0.003742,0.010150,0.019428,0.036132
3.230000,0.000096,0.000932,0.003683,0.010265,0.020376,0.040022
3.240000,0.000096,0.000933,0.003648,0.009943,0.018700,0.036524
3.250000,0.000096,0.000934,0.003636,0.009435,0.018192,0.038822
3.260000,0.000096,0.000936,0.003648,0.009077,0.019785,0.037245
3.270000,0.000095,0.000937,0.003680,0.009047,0.019804,0.037570
3.280000,0.000095,0.000939,0.003730,0.009337,0.018090,0.037951
3.290000,0.000095,0.000940,0.003790,0.009769,0.018282,0.036542
3.300000,0.000095,0.000942,0.003854,0.010038,0.019848,0.038452
3.310000,0.000095,0.000944,0.003913,0.009919,0.019226,0.035794
3.320000,0.000095,0.000946,0.003960,0.009491,0.017723,0.038702
3.330000,0.000094,0.000948,0.003986,0.009044,0.018320,0.035275
3.340000,0.000094,0.000949,0.003988,0.008819,0.019718,0.038743
3.350000,0.000094,0.000951,0.003963,0.008904,0.018792,0.034913
3.360000,0.000094,0.000953,0.003915,0.009239,0.017472,0.038644
3.370000,0.000094,0.000954,0.003849,0.009632,0.018223,0.034647
3.380000,0.000094,0.000956,0.003771,0.009816,0.019508,0.038457
3.390000,0.000093,0.000957,0.003690,0.009644,0.018529,0.034445
3.400000,0.000093,0.000958,0.003613,0.009226,0.017268,0.038203
3.410000,0.000093,0.000959,0.003545,0.008817,0.017976,0.034303
3.420000,0.000093,0.000959,0.003491,0.008614,0.019263,0.037870
3.430000,0.000093,0.000960,0.003453,0.008687,0.018430,0.034246
3.440000,0.000093,0.000960,0.003433,0.008988,0.017107,0.037417
3.450000,0.000092,0.000959,0.003431,0.009361,0.017596,0.034319
3.460000,0.000092,0.000959,0.003446,0.009577,0.018952,0.036793
3.470000,0.000092,0.000958,0.003476,0.009483,0.018471,0.034574
3.480000,0.000092,0.000957,0.003518,0.009129,0.017038,0.035971
3.490000,0.000092,0.000955,0.003568,0.008721,0.017132,0.035047
3.500000,0.000092,0.000953,0.003621,0.008452,0.018493,0.034982
3.510000,0.000091,0.000951,0.003671,0.008418,0.018583,0.035704
3.520000,0.000091,0.000949,0.003714,0.008617,0.017146,0.033952
3.530000,0.000091,0.000946,0.003744,0.008956,0.016692,0.036384
3.540000,0.000091,0.000943,0.003757,0.009260,0.017825,0.033101
3.550000,0.000091,0.000939,0.003751,0.009348,0.018594,0.036763
3.560000,0.000091,0.000936,0.003726,0.009153,0.017484,0.032695
3.570000,0.000091,0.000932,0.003684,0.008783,0.016451,0.036449
3.580000,0.000090,0.000927,0.003628,0.008425,0.017012,0.032960
3.590000,0.000090,0.000923,0.003564,0.008220,0.018242,0.035292
3.600000,0.000090,0.000918,0.003496,0.008230,0.017950,0.033931
3.610000,0.000090,0.000913,0.003429,0.008438,0.016601,0.033663
3.620000,0.000090,0.000908,0.003368,0.008756,0.016314,0.035225
3.630000,0.000090,0.000903,0.003315,0.009034,0.017401,0.032321
3.640000,0.000090,0.000898,0.003273,0.009118,0.018143,0.035911
3.650000,0.000089,0.000892,0.003244,0.008952,0.017183,0.031990
3.660000,0.000089,0.000887,0.003228,0.008618,0.016099,0.035115
3.670000,0.000089,0.000881,0.003224,0.008271,0.016381,0.032951
3.680000,0.000089,0.000875,0.003234,0.008044,0.017573,0.033190
3.690000,0.000089,0.000869,0.003255,0.007999,0.017781,0.034601
3.700000,0.000089,0.000864,0.003285,0.008141,0.016590,0.031623
3.710000,0.000089,0.000858,0.003323,0.008412,0.015823,0.035247
3.720000,0.000088,0.000852,0.003365,0.008704,0.016411,0.031660
3.730000,0.000088,0.000846,0.003408,0.008878,0.017525,0.033753
3.740000,0.000088,0.000841,0.003449,0.008839,0.017409,0.033321
3.750000,0.000088,0.000835,0.003483,0.008599,0.016198,0.031590
3.760000,0.000088,0.000830,0.003509,0.008267,0.015619,0.034753
3.770000,0.000088,0.000824,0.003523,0.007973,0.016309,0.031035
3.780000,0.000088,0.000819,0.003523,0.007808,0.017345,0.033636
3.790000,0.000087,0.000813,0.003510,0.007810,0.017141,0.032674
3.800000,0.000087,0.000808,0.003482,0.007969,0.015967,0.031242
3.810000,0.000087,0.000803,0.003444,0.008229,0.015415,0.034312
3.820000,0.000087,0.000798,0.003396,0.008494,0.016059,0.030697
3.830000,0.000087,0.000794,0.003342,0.008648,0.017080,0.032942
3.840000,0.000087,0.000789,0.003286,0.008614,0.016992,0.032656
3.850000,0.000087,0.000785,0.003230,0.008401,0.015881,0.030535
3.860000,0.000086,0.000780,0.003177,0.008097,0.015215,0.033887
3.870000,0.000086,0.000776,0.003130,0.007812,0.015679,0.030739
3.880000,0.000086,0.000772,0.003090,0.007628,0.016707,0.031667
3.890000,0.000086,0.000769,0.003058,0.007587,0.016911,0.033111
3.900000,0.000086,0.000765,0.003035,0.007690,0.015948,0.029891
3.910000,0.000086,0.000762,0.003022,0.007903,0.015085,0.032863
3.920000,0.000086,0.000758,0.003018,0.008158,0.015228,0.031520
3.930000,0.000086,0.000755,0.003024,0.008361,0.016175,0.030091
3.940000,0.000085,0.000752,0.003038,0.008426,0.016773,0.033227
3.950000,0.000085,0.000750,0.003059,0.008320,0.016159,0.030164
3.960000,0.000085,0.000747,0.003086,0.008080,0.015131,0.030821
3.970000,0.000085,0.000744,0.003118,0.007794,0.014827,0.032711
3.980000,0.000085,0.000742,0.003152,0.007549,0.015485,0.029389
3.990000,0.000085,0.000740,0.003186,0.007404,0.016388,0.031568
4.000000,0.000085,0.000738,0.003219,0.007387,0.016382,0.031772
4.010000,0.000085,0.000736,0.003248,0.007494,0.015437,0.029102
4.020000,0.000084,0.000735,0.003271,0.007693,0.014670,0.032036
4.030000,0.000084,0.000733,0.003286,0.007927,0.014792,0.030822
4.040000,0.000084,0.000732,0.003292,0.008119,0.015646,0.029089
4.050000,0.000084,0.000730,0.003288,0.008196,0.016301,0.032176
4.060000,0.000084,0.000729,0.003275,0.008123,0.015908,0.030049
4.070000,0.000084,0.000728,0.003251,0.007923,0.014932,0.029159
4.080000,0.000084,0.000727,0.003220,0.007663,0.014403,0.032084
4.090000,0.000084,0.000726,0.003182,0.007417,0.014747,0.029481
4.100000,0.000083,0.000726,0.003139,0.007243,0.015621,0.029188
4.110000,0.000083,0.000725,0.003093,0.007174,0.016084,0.031880
4.120000,0.000083,0.000725,0.003047,0.007217,0.015542,0.029087
4.130000,0.000083,0.000724,0.003001,0.007359,0.014612,0.029113
4.140000,0.000083,0.000724,0.002959,0.007562,0.014195,0.031650
4.150000,0.000083,0.000724,0.002920,0.007772,0.014593,0.028835
4.160000,0.000083,0.000724,0.002886,0.007923,0.015437,0.028911
4.170000,0.000083,0.000724,0.002859,0.007962,0.015853,0.031428
4.180000,0.000082,0.000724,0.002837,0.007871,0.015330,0.028709
4.190000,0.000082,0.000724,0.002823,0.007677,0.014434,0.028588
4.200000,0.000082,0.000724,0.002815,0.007436,0.013994,0.031200
4.210000,0.000082,0.000724,0.002813,0.007210,0.014316,0.028717
4.220000,0.000082,0.000725,0.002818,0.007047,0.015115,0.028170
4.230000,0.000082,0.000725,0.002829,0.006972,0.015621,0.030910
4.240000,0.000082,0.000725,0.002844,0.006996,0.015256,0.028880
4.250000,0.000082,0.000726,0.002865,0.007107,0.014394,0.027717
4.260000,0.000081,0.000726,0.002889,0.007282,0.013828,0.030472
4.270000,0.000081,0.000727,0.002915,0.007478,0.013956,0.029204
4.280000,0.000081,0.000727,0.002942,0.007644,0.014651,0.027323
4.290000,0.000081,0.000727,0.002969,0.007729,0.015312,0.029804
4.300000,0.000081,0.000728,0.002995,0.007703,0.015254,0.029641
4.310000,0.000081,0.000728,0.003018,0.007572,0.014513,0.027121
4.320000,0.000081,0.000729,0.003037,0.007370,0.013782,0.028889
4.330000,0.000081,0.000729,0.003051,0.007148,0.013607,0.030028
4.340000,0.000081,0.000730,0.003059,0.006953,0.014070,0.027253
4.350000,0.000080,0.000730,0.003060,0.006820,0.014813,0.027845
4.360000,0.000080,0.000731,0.003054,0.006766,0.015166,0.030076
4.370000,0.000080,0.000731,0.003041,0.006796,0.014752,0.027805
4.380000,0.000080,0.000732,0.003022,0.006901,0.013958,0.026934
4.390000,0.000080,0.000732,0.002997,0.007059,0.013432,0.029496
4.400000,0.000080,0.000732,0.002968,0.007238,0.013502,0.028672
4.410000,0.000080,0.000732,0.002934,0.007395,0.014094,0.026495
4.420000,0.000080,0.000733,0.002898,0.007489,0.014760,0.028290
4.430000,0.000079,0.000733,0.002861,0.007490,0.014899,0.029409
4.440000,0.000079,0.000733,0.002823,0.007397,0.014354,0.026795
4.450000,0.000079,0.000733,0.002787,0.007230,0.013604,0.026923
4.460000,0.000079,0.000733,0.002752,0.007029,0.013195,0.029312
4.470000,0.000079,0.000733,0.002720,0.006834,0.013355,0.027804
4.480000,0.000079,0.000733,0.002691,0.006679,0.013961,0.026098
4.490000,0.000079,0.000732,0.002666,0.006585,0.014572,0.028098
4.500000,0.000079,0.000732,0.002645,0.006562,0.014657,0.028871
4.510000,0.000079,0.000732,0.002629,0.006610,0.014116,0.026341
4.520000,0.000078,0.000731,0.002617,0.006718,0.013399,0.026496
4.530000,0.000078,0.000731,0.002610,0.006868,0.012998,0.028822
4.540000,0.000078,0.000730,0.002608,0.007030,0.013122,0.027575
4.550000,0.000078,0.000729,0.002610,0.007171,0.013677,0.025691
4.560000,0.000078,0.000729,0.002615,0.007256,0.014288,0.027313
4.570000,0.000078,0.000728,0.002625,0.007263,0.014461,0.028640
4.580000,0.000078,0.000727,0.002638,0.007188,0.014028,0.026348
4.590000,0.000078,0.000726,0.002654,0.007046,0.013333,0.025706
4.600000,0.000078,0.000725,0.002672,0.006867,0.012849,0.027952
4.610000,0.000077,0.000724,0.002692,0.006684,0.012830,0.027875
4.620000,0.000077,0.000722,0.002713,0.006526,0.013263,0.025542
4.630000,0.000077,0.000721,0.002735,0.006415,0.013881,0.026029
4.640000,0.000077,0.000720,0.002755,0.006361,0.014242,0.028172
4.650000,0.000077,0.000718,0.002775,0.006369,0.014038,0.026995
4.660000,0.000077,0.000717,0.002792,0.006435,0.013420,0.025112
4.670000,0.000077,0.000715,0.002807,0.006548,0.012820,0.026372
4.680000,0.000077,0.000713,0.002818,0.006689,0.012574,0.028044
4.690000,0.000077,0.000712,0.002825,0.006835,0.012781,0.026248
4.700000,0.000076,0.000710,0.002828,0.006956,0.013319,0.024900
4.710000,0.000076,0.000708,0.002826,0.007028,0.013858,0.026584
4.720000,0.000076,0.000706,0.002820,0.007032,0.014005,0.027750
4.730000,0.000076,0.000704,0.002809,0.006967,0.013629,0.025696
4.740000,0.000076,0.000702,0.002794,0.006843,0.012998,0.024762
4.750000,0.000076,0.000699,0.002774,0.006683,0.012503,0.026625
4.760000,0.000076,0.000697,0.002752,0.006515,0.012381,0.027435
4.770000,0.000076,0.000695,0.002726,0.006363,0.012669,0.025319
4.780000,0.000076,0.000693,0.002699,0.006245,0.013212,0.024610
4.790000,0.000076,0.000690,0.002670,0.006173,0.013687,0.026507
4.800000,0.000075,0.000688,0.002640,0.006154,0.013756,0.027177
4.810000,0.000075,0.000685,0.002610,0.006186,0.013355,0.025087
4.820000,0.000075,0.000683,0.002581,0.006264,0.012751,0.024406
4.830000,0.000075,0.000680,0.002552,0.006376,0.012290,0.026246
4.840000,0.000075,0.000678,0.002526,0.006507,0.012178,0.026994
4.850000,0.000075,0.000675,0.002501,0.006636,0.012444,0.024989
4.860000,0.000075,0.000672,0.002479,0.006740,0.012954,0.024154
4.870000,0.000075,0.000670,0.002459,0.006800,0.013425,0.025845
4.880000,0.000075,0.000667,0.002442,0.006802,0.013548,0.026856
4.890000,0.000074,0.000664,0.002428,0.006744,0.013223,0.025033
4.900000,0.000074,0.000662,0.002418,0.006636,0.012657,0.023898
4.910000,0.000074,0.000659,0.002410,0.006495,0.012166,0.025304
4.920000,0.000074,0.000656,0.002405,0.006343,0.011967,0.026689
4.930000,0.000074,0.000653,0.002403,0.006198,0.012124,0.025230
4.940000,0.000074,0.000651,0.002404,0.006079,0.012559,0.023715
4.950000,0.000074,0.000648,0.002408,0.005995,0.013056,0.024644
4.960000,0.000074,0.000645,0.002415,0.005954,0.013325,0.026375
4.970000,0.000074,0.000642,0.002423,0.005957,0.013182,0.025556
4.980000,0.000074,0.000640,0.002434,0.006003,0.012709,0.023709
4.990000,0.000073,0.000637,0.002447,0.006084,0.012174,0.023947
5.000000,0.000073,0.000634,0.002461,0.006191,0.011826,0.025793
5.050000,0.000830,0.007055,0.028542,0.072177,0.138617,0.256242
5.100000,0.000850,0.007125,0.030020,0.068726,0.128249,0.256880
5.150000,0.000872,0.007207,0.030827,0.067716,0.142183,0.255261
5.200000,0.000894,0.007304,0.030865,0.074715,0.136103,0.254934
5.250000,0.000919,0.007418,0.030483,0.077834,0.145747,0.256864
5.300000,0.000944,0.007552,0.030192,0.073693,0.144358,0.260710
5.350000,0.000972,0.007706,0.030386,0.075039,0.151296,0.265872
5.400000,0.001001,0.007883,0.031252,0.083044,0.152072,0.271962
5.450000,0.001032,0.008084,0.032791,0.085846,0.159364,0.278948
5.500000,0.001065,0.008312,0.034829,0.082015,0.159124,0.287157
5.550000,0.001100,0.008567,0.037037,0.083366,0.170117,0.297170
5.600000,0.001138,0.008852,0.038994,0.091887,0.165891,0.309530
5.650000,0.001178,0.009168,0.040364,0.097368,0.183182,0.324114
5.700000,0.001221,0.009518,0.041075,0.094637,0.173757,0.339223
5.750000,0.001267,0.009904,0.041351,0.093916,0.196519,0.351229
5.800000,0.001317,0.010328,0.041579,0.101330,0.185667,0.356642
5.850000,0.001371,0.010793,0.042137,0.111258,0.206463,0.356550
5.900000,0.001429,0.011304,0.043293,0.113446,0.205038,0.358293
5.950000,0.001492,0.011863,0.045198,0.110836,0.212528,0.370682
6.000000,0.001561,0.012476,0.047882,0.113837,0.230772,0.395812
6.050000,0.001636,0.013149,0.051265,0.124900,0.222694,0.421700
6.100000,0.001719,0.013889,0.055145,0.136435,0.251647,0.430857
6.150000,0.001810,0.014705,0.059220,0.139495,0.248156,0.429752
6.200000,0.001911,0.015608,0.063154,0.138534,0.261480,0.444069
6.250000,0.002024,0.016613,0.066703,0.143803,0.286687,0.479807
6.300000,0.002152,0.017738,0.069829,0.158319,0.280154,0.507186
6.350000,0.002296,0.019006,0.072741,0.175560,0.313793,0.510694
6.400000,0.002463,0.020450,0.075844,0.185371,0.326865,0.527266
6.450000,0.002656,0.022115,0.079646,0.188801,0.333937,0.572279
6.500000,0.002884,0.024059,0.084695,0.197022,0.379605,0.604540
6.550000,0.003158,0.026369,0.091569,0.217441,0.388630,0.616751
6.600000,0.003493,0.029171,0.100911,0.248021,0.417351,0.655941
6.650000,0.003914,0.032654,0.113496,0.278230,0.473697,0.711657
6.700000,0.004457,0.037110,0.130345,0.301711,0.493831,0.744767
6.750000,0.005184,0.043015,0.152889,0.328532,0.554211,0.784637
6.800000,0.006200,0.051167,0.183273,0.375620,0.629597,0.845794
6.850000,0.007688,0.062961,0.224881,0.452686,0.685169,0.896057
6.900000,0.009987,0.080877,0.283078,0.554521,0.785231,0.933959
6.950000,0.013700,0.109097,0.365203,0.666573,0.872002,0.962258
7.000000,0.019622,0.152446,0.474513,0.779665,0.932560,0.972547
7.050000,0.027162,0.204819,0.585364,0.866779,0.962149,0.973606
7.100000,0.030547,0.227017,0.625892,0.891087,0.966183,0.972730
7.150000,0.025988,0.195674,0.564746,0.850722,0.958182,0.971831
7.200000,0.019922,0.152611,0.467310,0.770931,0.935107,0.970463
7.250000,0.016171,0.124883,0.394757,0.706841,0.897538,0.966911
7.300000,0.014542,0.112319,0.358620,0.680887,0.878514,0.962863
7.350000,0.014187,0.109098,0.348637,0.675710,0.878310,0.962932
7.400000,0.014280,0.109162,0.349310,0.670856,0.871984,0.962925
7.450000,0.014280,0.108552,0.349876,0.660353,0.872921,0.962913
7.500000,0.014323,0.108245,0.353026,0.656329,0.880883,0.964094
7.550000,0.014853,0.111424,0.367359,0.674454,0.883056,0.965108
7.600000,0.016183,0.120236,0.397983,0.715274,0.899768,0.968762
7.650000,0.018557,0.136174,0.446662,0.766603,0.928039,0.972237
7.700000,0.022314,0.161139,0.513602,0.819763,0.948198,0.974270
7.750000,0.027957,0.197691,0.596825,0.873952,0.964590,0.975257
7.800000,0.036009,0.247667,0.689032,0.922415,0.972892,0.975479
7.850000,0.046201,0.307113,0.773764,0.952648,0.974638,0.975096
7.900000,0.055630,0.357967,0.828872,0.963801,0.973820,0.973912
7.950000,0.058748,0.372752,0.841491,0.964264,0.972151,0.972208
8.000000,0.053640,0.344035,0.813451,0.958250,0.970717,0.970866
8.050000,0.044631,0.292747,0.754803,0.942721,0.969633,0.970322
8.100000,0.036099,0.241742,0.681384,0.914037,0.967519,0.970374
8.150000,0.029657,0.201513,0.609256,0.878105,0.961723,0.970667
8.200000,0.025295,0.173406,0.548700,0.845426,0.953160,0.970892
8.250000,0.022565,0.155423,0.503797,0.818466,0.946036,0.971002
8.300000,0.021052,0.145281,0.474984,0.795392,0.937135,0.970922
8.350000,0.020479,0.141317,0.461334,0.779692,0.933170,0.971273
8.400000,0.020693,0.142572,0.461794,0.778476,0.938260,0.971862
8.450000,0.021641,0.148660,0.475608,0.794612,0.943024,0.972655
8.500000,0.023336,0.159584,0.502105,0.823418,0.949265,0.973624
8.550000,0.025806,0.175371,0.539811,0.855859,0.958870,0.974323
8.600000,0.028969,0.195281,0.584828,0.884531,0.966004,0.974847
8.650000,0.032451,0.216749,0.629822,0.906245,0.969834,0.975132
8.700000,0.035648,0.236065,0.667410,0.920806,0.972047,0.975304
8.750000,0.038392,0.252466,0.697451,0.930827,0.973515,0.975489
8.800000,0.041355,0.270108,0.727177,0.940485,0.974641,0.975769
8.850000,0.045441,0.294032,0.762507,0.951547,0.975520,0.976107
8.900000,0.051234,0.326850,0.803383,0.962025,0.976170,0.976397
8.950000,0.058986,0.368622,0.845586,0.969452,0.976449,0.976505
9.000000,0.068639,0.417169,0.883733,0.973318,0.976260,0.976269
9.050000,0.079729,0.468142,0.913585,0.974435,0.975523,0.975524
9.100000,0.091313,0.515783,0.933553,0.973761,0.974143,0.974144
9.150000,0.101969,0.554117,0.944534,0.971951,0.972098,0.972098
9.200000,0.109734,0.577373,0.948428,0.969451,0.969529,0.969529
9.250000,0.112452,0.580826,0.946898,0.966756,0.966827,0.966827
9.300000,0.109072,0.563115,0.940628,0.964413,0.964524,0.964525
9.350000,0.100654,0.527734,0.929002,0.962728,0.962985,0.962985
9.400000,0.089684,0.481895,0.910853,0.961531,0.962242,0.962242
9.450000,0.078543,0.433544,0.886159,0.960172,0.962101,0.962105
9.500000,0.068679,0.388734,0.856970,0.957790,0.962319,0.962337
9.550000,0.060644,0.350722,0.826554,0.953943,0.962677,0.962748
9.600000,0.054437,0.320402,0.797822,0.949076,0.962990,0.963206
9.650000,0.049770,0.297049,0.772267,0.943959,0.963166,0.963628
9.700000,0.046211,0.278892,0.749634,0.938722,0.963215,0.963969
9.750000,0.043270,0.263596,0.728108,0.932656,0.963072,0.964218
9.800000,0.040502,0.248914,0.705060,0.924560,0.962547,0.964396
9.850000,0.037636,0.233429,0.678234,0.913058,0.961406,0.964546
9.900000,0.034634,0.216942,0.646764,0.896995,0.959490,0.964710
9.950000,0.031623,0.200176,0.611448,0.876170,0.956880,0.964888
10.000000,0.028778,0.184125,0.574214,0.851989,0.953606,0.965067
10.050000,0.026224,0.169560,0.537303,0.827256,0.948655,0.965208
10.100000,0.024021,0.156879,0.502631,0.804850,0.940548,0.965137
10.150000,0.022172,0.146177,0.471525,0.786245,0.930468,0.965071
10.200000,0.020654,0.137371,0.444715,0.770941,0.922328,0.964635
10.250000,0.019433,0.130303,0.422479,0.757061,0.917424,0.964029
10.300000,0.018473,0.124795,0.404802,0.742677,0.911990,0.963792
10.350000,0.017743,0.120687,0.391505,0.727096,0.902887,0.962715
10.400000,0.017216,0.117842,0.382341,0.711354,0.893283,0.962561
10.450000,0.016872,0.116156,0.377047,0.697706,0.889102,0.962498
10.500000,0.016697,0.115547,0.375366,0.688569,0.891533,0.961839
10.550000,0.016678,0.115958,0.377056,0.685621,0.895821,0.962762
10.600000,0.016808,0.117340,0.381872,0.689369,0.897238,0.963206
10.650000,0.017078,0.119653,0.389554,0.699121,0.896527,0.963521
10.700000,0.017481,0.122846,0.399792,0.713242,0.898132,0.965004
10.750000,0.018007,0.126854,0.412214,0.729579,0.904531,0.965857
10.800000,0.018642,0.131586,0.426379,0.746029,0.913892,0.966580
10.850000,0.019371,0.136939,0.441806,0.761059,0.922497,0.967812
10.900000,0.020180,0.142809,0.458045,0.774020,0.928334,0.968612
10.950000,0.021061,0.149140,0.474784,0.785148,0.932225,0.969184
11.000000,0.022018,0.155968,0.491949,0.795344,0.936211,0.969929
11.050000,0.023078,0.163452,0.509757,0.805858,0.941510,0.970516
11.100000,0.024285,0.171880,0.528679,0.817940,0.947771,0.970943
11.150000,0.025701,0.181635,0.549321,0.832484,0.953751,0.971403
11.200000,0.027399,0.193133,0.572259,0.849685,0.958562,0.971800
11.250000,0.029448,0.206748,0.597851,0.868881,0.962261,0.972095
11.300000,0.031904,0.222713,0.626071,0.888664,0.965318,0.972321
11.350000,0.034787,0.241002,0.656338,0.907318,0.967873,0.972450
11.400000,0.038058,0.261153,0.687394,0.923358,0.969735,0.972453
11.450000,0.041571,0.282102,0.717305,0.935910,0.970790,0.972306
11.500000,0.045051,0.302102,0.743699,0.944791,0.971145,0.971993
11.550000,0.048102,0.318941,0.764289,0.950347,0.971011,0.971524
11.600000,0.050308,0.330568,0.777520,0.953209,0.970596,0.970956
11.650000,0.051406,0.335947,0.783037,0.954066,0.970081,0.970385
11.700000,0.051432,0.335603,0.781805,0.953539,0.969604,0.969909
11.750000,0.050709,0.331444,0.775874,0.952178,0.969250,0.969594
11.800000,0.049700,0.325982,0.767934,0.950507,0.969049,0.969453
11.850000,0.048838,0.321538,0.760741,0.949044,0.968990,0.969462
11.900000,0.048443,0.319805,0.756603,0.948257,0.969051,0.969573
11.950000,0.048704,0.321783,0.757050,0.948496,0.969212,0.969735
12.000000,0.049717,0.327914,0.762726,0.949912,0.969444,0.969898
12.050000,0.051513,0.338222,0.773442,0.952381,0.969679,0.970013
12.100000,0.054077,0.352405,0.788315,0.955488,0.969821,0.970033
12.150000,0.057348,0.369853,0.805936,0.958656,0.969790,0.969909
12.200000,0.061205,0.389614,0.824586,0.961339,0.969533,0.969594
12.250000,0.065447,0.410363,0.842487,0.963190,0.969015,0.969046
12.300000,0.069773,0.430409,0.858066,0.964103,0.968222,0.968237
12.350000,0.073778,0.447811,0.870157,0.964159,0.967164,0.967172
12.400000,0.076989,0.460618,0.878076,0.963538,0.965892,0.965897
12.450000,0.078949,0.467211,0.881539,0.962447,0.964499,0.964502
12.500000,0.079330,0.466629,0.880478,0.961068,0.963103,0.963107
12.550000,0.078026,0.458761,0.874853,0.959513,0.961827,0.961833
12.600000,0.075187,0.444332,0.864562,0.957789,0.960761,0.960771
12.650000,0.071158,0.424687,0.849486,0.955757,0.959948,0.959969
12.700000,0.066374,0.401470,0.829623,0.953128,0.959384,0.959431
12.750000,0.061254,0.376318,0.805233,0.949469,0.959022,0.959129
12.800000,0.056138,0.350641,0.776918,0.944262,0.958780,0.959022
12.850000,0.051256,0.325515,0.745605,0.937008,0.958554,0.959065
12.900000,0.046749,0.301680,0.712426,0.927380,0.958232,0.959215
12.950000,0.042679,0.279579,0.678568,0.915372,0.957701,0.959438
13.000000,0.039062,0.259434,0.645134,0.901387,0.956811,0.959706
13.050000,0.035883,0.241306,0.613040,0.886165,0.955315,0.959994
13.100000,0.033111,0.225160,0.582974,0.870603,0.952896,0.960273
13.150000,0.030710,0.210898,0.555401,0.855513,0.949390,0.960528
13.200000,0.028641,0.198396,0.530592,0.841431,0.945055,0.960764
13.250000,0.026868,0.187519,0.508667,0.828544,0.940564,0.960938
13.300000,0.025359,0.178136,0.489642,0.816727,0.936611,0.960977
13.350000,0.024085,0.170123,0.473461,0.805662,0.933396,0.960956
13.400000,0.023021,0.163369,0.460028,0.794998,0.930453,0.961011
13.450000,0.022148,0.157779,0.449226,0.784507,0.926998,0.961034
13.500000,0.021448,0.153268,0.440932,0.774178,0.922578,0.960831
13.550000,0.020908,0.149763,0.435016,0.764246,0.917524,0.960581
13.600000,0.020514,0.147200,0.431351,0.755148,0.912862,0.960628
13.650000,0.020257,0.145522,0.429802,0.747416,0.909763,0.960898
13.700000,0.020128,0.144672,0.430221,0.741559,0.908938,0.961028
13.750000,0.020115,0.144587,0.432437,0.737962,0.910338,0.960978
13.800000,0.020209,0.145196,0.436246,0.736810,0.913266,0.961063
13.850000,0.020397,0.146411,0.441391,0.738055,0.916753,0.961446
13.900000,0.020661,0.148116,0.447559,0.741417,0.919972,0.961940
13.950000,0.020980,0.150168,0.454365,0.746417,0.922473,0.962294
14.000000,0.021328,0.152386,0.461358,0.752428,0.924172,0.962454
14.050000,0.021672,0.154558,0.468028,0.758752,0.925193,0.962521
14.100000,0.021976,0.156445,0.473833,0.764685,0.925688,0.962585
14.150000,0.022204,0.157804,0.478239,0.769590,0.925737,0.962658
14.200000,0.022318,0.158409,0.480766,0.772940,0.925325,0.962701
14.250000,0.022292,0.158080,0.481037,0.774351,0.924384,0.962669
14.300000,0.022109,0.156712,0.478823,0.773588,0.922835,0.962526
14.350000,0.021765,0.154285,0.474062,0.770551,0.920624,0.962243
14.400000,0.021271,0.150868,0.466860,0.765254,0.917732,0.961796
14.450000,0.020650,0.146602,0.457467,0.757798,0.914174,0.961176
14.500000,0.019931,0.141675,0.446235,0.748331,0.909959,0.960413
14.550000,0.019146,0.136295,0.433576,0.737024,0.905041,0.959574
14.600000,0.018327,0.130666,0.419913,0.724050,0.899256,0.958717
14.650000,0.017500,0.124966,0.405649,0.709573,0.892293,0.957764
14.700000,0.016688,0.119341,0.391138,0.693756,0.883747,0.956418
14.750000,0.015906,0.113901,0.376677,0.676780,0.873255,0.954287
14.800000,0.015165,0.108723,0.362503,0.658861,0.860703,0.951277
14.850000,0.014473,0.103856,0.348794,0.640262,0.846394,0.947890
14.900000,0.013831,0.099326,0.335675,0.621300,0.831097,0.944955
14.950000,0.013241,0.095141,0.323232,0.602328,0.815905,0.942829
15.000000,0.012703,0.091297,0.311515,0.583717,0.801970,0.940800
15.050000,0.012212,0.087785,0.300548,0.565825,0.790210,0.937525
15.100000,0.011768,0.084586,0.290336,0.548978,0.781078,0.932352
15.150000,0.011367,0.081683,0.280871,0.533444,0.774459,0.926261
15.200000,0.011006,0.079054,0.272133,0.519428,0.769688,0.921267
15.250000,0.010681,0.076681,0.264098,0.507063,0.765703,0.918679
15.300000,0.010390,0.074543,0.256738,0.496418,0.761296,0.917810
15.350000,0.010131,0.072621,0.250021,0.487502,0.755434,0.916377
15.400000,0.009900,0.070899,0.243916,0.480272,0.747550,0.912423
15.450000,0.009695,0.069362,0.238394,0.474644,0.737719,0.906150
15.500000,0.009514,0.067994,0.233424,0.470500,0.726624,0.899912
15.550000,0.009356,0.066782,0.228978,0.467691,0.715356,0.896326
15.600000,0.009219,0.065716,0.225029,0.466048,0.705116,0.896199
15.650000,0.009100,0.064785,0.221553,0.465387,0.696948,0.897896
15.700000,0.009000,0.063979,0.218527,0.465510,0.691550,0.898524
15.750000,0.008916,0.063290,0.215929,0.466217,0.689191,0.896138
15.800000,0.008848,0.062712,0.213741,0.467311,0.689700,0.891264
15.850000,0.008795,0.062237,0.211946,0.468603,0.692511,0.886463
15.900000,0.008756,0.061860,0.210527,0.469925,0.696759,0.884381
15.950000,0.008730,0.061576,0.209470,0.471134,0.701415,0.885919
16.000000,0.008717,0.061381,0.208763,0.472123,0.705461,0.889719
16.050000,0.008717,0.061271,0.208395,0.472822,0.708088,0.893120
16.100000,0.008728,0.061243,0.208356,0.473203,0.708859,0.893956
16.150000,0.008751,0.061294,0.208636,0.473279,0.707788,0.892013
16.200000,0.008785,0.061421,0.209230,0.473100,0.705318,0.889070
16.250000,0.008830,0.061623,0.210129,0.472749,0.702195,0.887570
16.300000,0.008886,0.061899,0.211328,0.472330,0.699289,0.889029
16.350000,0.008952,0.062246,0.212823,0.471964,0.697429,0.893219
16.400000,0.009030,0.062663,0.214610,0.471779,0.697266,0.898424
16.450000,0.009117,0.063151,0.216684,0.471901,0.699205,0.902534
16.500000,0.009215,0.063708,0.219043,0.472449,0.703367,0.904326
16.550000,0.009324,0.064335,0.221684,0.473533,0.709605,0.904124
16.600000,0.009443,0.065030,0.224606,0.475246,0.717532,0.903454
16.650000,0.009573,0.065794,0.227805,0.477665,0.726581,0.904010
16.700000,0.009713,0.066626,0.231281,0.480848,0.736083,0.906689
16.750000,0.009864,0.067529,0.235031,0.484835,0.745358,0.911200
16.800000,0.010026,0.068500,0.239052,0.489649,0.753823,0.916349
16.850000,0.010198,0.069541,0.243344,0.495293,0.761074,0.920759
16.900000,0.010382,0.070652,0.247903,0.501756,0.766945,0.923610
16.950000,0.010577,0.071834,0.252725,0.509007,0.771522,0.925008
17.000000,0.010783,0.073086,0.257808,0.517001,0.775101,0.925793
17.050000,0.011000,0.074409,0.263145,0.525679,0.778117,0.926985
17.100000,0.011229,0.075802,0.268733,0.534967,0.781062,0.929237
17.150000,0.011469,0.077267,0.274563,0.544780,0.784396,0.932572
17.200000,0.011721,0.078801,0.280628,0.555025,0.788487,0.936469
17.250000,0.011984,0.080404,0.286920,0.565599,0.793574,0.940195
17.300000,0.012258,0.082077,0.293427,0.576397,0.799747,0.943178
17.350000,0.012544,0.083816,0.300138,0.587313,0.806953,0.945244
17.400000,0.012841,0.085622,0.307039,0.598241,0.815020,0.946623
17.450000,0.013148,0.087491,0.314117,0.609083,0.823683,0.947758
17.500000,0.013467,0.089422,0.321356,0.619750,0.832624,0.949066
17.550000,0.013795,0.091412,0.328738,0.630163,0.841514,0.950756
17.600000,0.014133,0.093458,0.336247,0.640257,0.850050,0.952786
17.650000,0.014481,0.095557,0.343865,0.649985,0.857988,0.954936
17.700000,0.014838,0.097707,0.351573,0.659313,0.865163,0.956938
17.750000,0.015203,0.099903,0.359354,0.668223,0.871503,0.958596
17.800000,0.015577,0.102143,0.367192,0.676714,0.877018,0.959850
17.850000,0.015958,0.104424,0.375070,0.684798,0.881794,0.960766
17.900000,0.016347,0.106745,0.382975,0.692497,0.885963,0.961485
17.950000,0.016743,0.109102,0.390896,0.699846,0.889687,0.962152
18.000000,0.017147,0.111497,0.398825,0.706886,0.893132,0.962864
18.050000,0.017558,0.113929,0.406756,0.713664,0.896450,0.963648
18.100000,0.017976,0.116399,0.414687,0.720231,0.899765,0.964473
18.150000,0.018403,0.118910,0.422619,0.726642,0.903168,0.965276
18.200000,0.018838,0.121465,0.430557,0.732948,0.906711,0.965996
18.250000,0.019282,0.124070,0.438508,0.739203,0.910410,0.966594
18.300000,0.019738,0.126730,0.446483,0.745457,0.914249,0.967066
18.350000,0.020205,0.129453,0.454494,0.751753,0.918187,0.967431
18.400000,0.020685,0.132245,0.462555,0.758134,0.922165,0.967727
18.450000,0.021180,0.135116,0.470680,0.764631,0.926115,0.967988
18.500000,0.021691,0.138074,0.478886,0.771272,0.929967,0.968240
18.550000,0.022220,0.141128,0.487186,0.778073,0.933657,0.968492
18.600000,0.022769,0.144287,0.495595,0.785044,0.937131,0.968742
18.650000,0.023339,0.147559,0.504124,0.792184,0.940351,0.968977
18.700000,0.023932,0.150952,0.512783,0.799483,0.943296,0.969187
18.750000,0.024549,0.154473,0.521577,0.806922,0.945962,0.969361
18.800000,0.025192,0.158127,0.530511,0.814474,0.948358,0.969498
18.850000,0.025861,0.161919,0.539584,0.822105,0.950503,0.969599
18.900000,0.026559,0.165852,0.548793,0.829775,0.952424,0.969670
18.950000,0.027285,0.169927,0.558130,0.837437,0.954150,0.969716
19.000000,0.028040,0.174145,0.567582,0.845045,0.955707,0.969741
19.050000,0.028825,0.178503,0.577133,0.852548,0.957120,0.969747
19.100000,0.029639,0.182995,0.586764,0.859898,0.958406,0.969736
19.150000,0.030481,0.187615,0.596451,0.867047,0.959578,0.969706
19.200000,0.031351,0.192354,0.606164,0.873951,0.960643,0.969656
19.250000,0.032248,0.197200,0.615872,0.880571,0.961604,0.969585
19.300000,0.033169,0.202137,0.625541,0.886873,0.962462,0.969492
19.350000,0.034112,0.207148,0.635132,0.892828,0.963215,0.969376
19.400000,0.035075,0.212212,0.644605,0.898414,0.963864,0.969236
19.450000,0.036052,0.217306,0.653916,0.903615,0.964407,0.969073
19.500000,0.037042,0.222404,0.663021,0.908421,0.964847,0.968886
19.550000,0.038038,0.227475,0.671874,0.912828,0.965186,0.968674
19.600000,0.039035,0.232488,0.680429,0.916837,0.965429,0.968437
19.650000,0.040027,0.237409,0.688641,0.920452,0.965580,0.968176
19.700000,0.041008,0.242201,0.696464,0.923682,0.965646,0.967890
19.750000,0.041970,0.246825,0.703855,0.926539,0.965633,0.967579
19.800000,0.042905,0.251244,0.710774,0.929038,0.965549,0.967244
19.850000,0.043806,0.255415,0.717181,0.931193,0.965400,0.966886
19.900000,0.044663,0.259301,0.723041,0.933022,0.965193,0.966505
19.950000,0.045468,0.262861,0.728322,0.934543,0.964935,0.966105
20.000000,0.046213,0.266059,0.732996,0.935772,0.964632,0.965687
20.050000,0.046890,0.268860,0.737039,0.936726,0.964291,0.965252
20.100000,0.047490,0.271233,0.740431,0.937422,0.963916,0.964805
20.150000,0.048006,0.273150,0.743155,0.937874,0.963514,0.964347
20.200000,0.048432,0.274587,0.745199,0.938096,0.963090,0.963882
20.250000,0.048763,0.275529,0.746553,0.938099,0.962649,0.963414
20.300000,0.048994,0.275961,0.747212,0.937893,0.962194,0.962945
20.350000,0.049123,0.275880,0.747173,0.937487,0.961731,0.962480
20.400000,0.049147,0.275283,0.746437,0.936885,0.961262,0.962021
20.450000,0.049067,0.274179,0.745006,0.936092,0.960790,0.961572
20.500000,0.048884,0.272578,0.742887,0.935109,0.960319,0.961136
20.550000,0.048601,0.270497,0.740088,0.933936,0.959848,0.960715
20.600000,0.048221,0.267960,0.736618,0.932570,0.959379,0.960312
20.650000,0.047750,0.264992,0.732491,0.931008,0.958912,0.959928
20.700000,0.047193,0.261625,0.727722,0.929244,0.958446,0.959565
20.750000,0.046557,0.257891,0.722329,0.927273,0.957979,0.959225
20.800000,0.045850,0.253826,0.716330,0.925087,0.957509,0.958907
20.850000,0.045080,0.249467,0.709749,0.922678,0.957031,0.958613
20.900000,0.044253,0.244851,0.702609,0.920039,0.956542,0.958343
20.950000,0.043380,0.240016,0.694936,0.917162,0.956037,0.958096
21.000000,0.042466,0.234999,0.686760,0.914039,0.955509,0.957872
21.050000,0.041521,0.229835,0.678110,0.910664,0.954953,0.957670
21.100000,0.040551,0.224559,0.669020,0.907030,0.954361,0.957489
21.150000,0.039562,0.219203,0.659522,0.903130,0.953727,0.957328
21.200000,0.038563,0.213797,0.649651,0.898960,0.953042,0.957186
21.250000,0.037557,0.208368,0.639444,0.894514,0.952300,0.957060
21.300000,0.036551,0.202940,0.628938,0.889785,0.951491,0.956950
21.350000,0.035549,0.197538,0.618168,0.884770,0.950607,0.956854
21.400000,0.034555,0.192179,0.607174,0.879463,0.949638,0.956770
21.450000,0.033572,0.186883,0.595991,0.873856,0.948573,0.956697
21.500000,0.032604,0.181663,0.584657,0.867944,0.947397,0.956631
21.550000,0.031654,0.176533,0.573207,0.861720,0.946095,0.956572
21.600000,0.030723,0.171503,0.561677,0.855176,0.944646,0.956516
21.650000,0.029813,0.166581,0.550098,0.848305,0.943026,0.956460
21.700000,0.028925,0.161776,0.538505,0.841099,0.941210,0.956399
21.750000,0.028061,0.157092,0.526926,0.833551,0.939167,0.956327
21.800000,0.027220,0.152533,0.515390,0.825657,0.936864,0.956237
21.850000,0.026405,0.148103,0.503925,0.817413,0.934269,0.956120
21.900000,0.025614,0.143802,0.492554,0.808817,0.931351,0.955968
21.950000,0.024848,0.139631,0.481300,0.799872,0.928084,0.955775
22.000000,0.024107,0.135591,0.470184,0.790583,0.924447,0.955537
22.050000,0.023391,0.131680,0.459224,0.780961,0.920429,0.955254
22.100000,0.022699,0.127898,0.448436,0.771019,0.916033,0.954933
22.150000,0.022031,0.124241,0.437834,0.760777,0.911272,0.954582
22.200000,0.021386,0.120709,0.427431,0.750257,0.906177,0.954211
22.250000,0.020764,0.117297,0.417237,0.739487,0.900789,0.953826
22.300000,0.020164,0.114004,0.407261,0.728500,0.895164,0.953425
22.350000,0.019586,0.110826,0.397510,0.717330,0.889367,0.952994
22.400000,0.019029,0.107760,0.387990,0.706016,0.883467,0.952504
22.450000,0.018492,0.104802,0.378704,0.694599,0.877537,0.951913
22.500000,0.017975,0.101950,0.369656,0.683120,0.871646,0.951173
22.550000,0.017476,0.099199,0.360847,0.671623,0.865857,0.950234
22.600000,0.016996,0.096547,0.352277,0.660148,0.860219,0.949061
22.650000,0.016534,0.093989,0.343947,0.648739,0.854769,0.947641
22.700000,0.016088,0.091523,0.335854,0.637433,0.849525,0.945994
22.750000,0.015659,0.089145,0.327996,0.626269,0.844484,0.944170
22.800000,0.015245,0.086851,0.320372,0.615282,0.839626,0.942247
22.850000,0.014846,0.084640,0.312977,0.604501,0.834908,0.940319
22.900000,0.014462,0.082506,0.305808,0.593956,0.830272,0.938471
22.950000,0.014091,0.080448,0.298860,0.583670,0.825641,0.936769
23.000000,0.013734,0.078463,0.292129,0.573664,0.820929,0.935233
23.050000,0.013390,0.076547,0.285610,0.563953,0.816042,0.933831
23.100000,0.013058,0.074697,0.279298,0.554550,0.810884,0.932473
23.150000,0.012737,0.072912,0.273187,0.545466,0.805364,0.931021
23.200000,0.012428,0.071189,0.267272,0.536704,0.799399,0.929313
23.250000,0.012129,0.069524,0.261548,0.528268,0.792924,0.927183
23.300000,0.011841,0.067917,0.256008,0.520157,0.785895,0.924502
23.350000,0.011563,0.066363,0.250648,0.512369,0.778289,0.921202
23.400000,0.011294,0.064863,0.245462,0.504896,0.770114,0.917297
23.450000,0.011035,0.063412,0.240444,0.497732,0.761402,0.912893
23.500000,0.010784,0.062009,0.235589,0.490867,0.752212,0.908170
23.550000,0.010541,0.060653,0.230891,0.484289,0.742624,0.903363
23.600000,0.010307,0.059341,0.226345,0.477986,0.732740,0.898722
23.650000,0.010080,0.058071,0.221946,0.471942,0.722670,0.894474
23.700000,0.009861,0.056843,0.217688,0.466143,0.712536,0.890784
23.750000,0.009648,0.055654,0.213568,0.460572,0.702458,0.887728
23.800000,0.009443,0.054502,0.209579,0.455212,0.692554,0.885276
23.850000,0.009244,0.053387,0.205716,0.450047,0.682932,0.883287
23.900000,0.009051,0.052307,0.201977,0.445057,0.673689,0.881527
23.950000,0.008865,0.051260,0.198355,0.440226,0.664905,0.879695
24.000000,0.008684,0.050246,0.194847,0.435535,0.656644,0.877462
24.050000,0.008509,0.049262,0.191448,0.430966,0.648954,0.874526
24.100000,0.008339,0.048308,0.188154,0.426501,0.641861,0.870653
24.150000,0.008174,0.047383,0.184962,0.422122,0.635375,0.865729
24.200000,0.008014,0.046485,0.181867,0.417814,0.629488,0.859774
24.250000,0.007859,0.045614,0.178866,0.413558,0.624174,0.852953
24.300000,0.007709,0.044768,0.175956,0.409340,0.619393,0.845549
24.350000,0.007563,0.043947,0.173132,0.405145,0.615090,0.837923
24.400000,0.007421,0.043150,0.170392,0.400958,0.611198,0.830471
24.450000,0.007283,0.042375,0.167733,0.396768,0.607638,0.823561
24.500000,0.007150,0.041622,0.165151,0.392563,0.604323,0.817497
24.550000,0.007020,0.040891,0.162643,0.388332,0.601158,0.812479
24.600000,0.006893,0.040180,0.160207,0.384067,0.598045,0.808583
24.650000,0.006770,0.039488,0.157840,0.379760,0.594885,0.805753
24.700000,0.006651,0.038815,0.155540,0.375406,0.591580,0.803801
24.750000,0.006535,0.038161,0.153303,0.371000,0.588039,0.802429
24.800000,0.006422,0.037524,0.151127,0.366538,0.584178,0.801251
24.850000,0.006312,0.036905,0.149011,0.362020,0.579927,0.799841
24.900000,0.006205,0.036302,0.146951,0.357446,0.575230,0.797775
24.950000,0.006100,0.035714,0.144947,0.352817,0.570051,0.794691
25.000000,0.005999,0.035142,0.142994,0.348136,0.564370,0.790336
